FID,OBJECTID,SHAPE_Leng,Tipo,NombrePlie,Shape__Length
1,4,0.449378752553,Sinclinal,Sinclinal del Desespero,50169.686002824
2,5,0.31569891784,Sinclinal,Sinclinal de Santa Bárbara,35237.3806807917
3,6,0.166605650049,Sinclinal,Sinclinal de Río Upía,18602.9587360799
4,7,0.0190009667044,Sinclinal,,2124.27731986369
5,8,0.0851525758906,Sinclinal,,9507.26664386584
6,9,0.0334904303411,Sinclinal,,3735.65248105343
7,10,0.208387818815,Sinclinal,,23250.8166939874
8,11,0.0300026894469,Sinclinal,,3350.92450354416
9,12,0.0375354724296,Sinclinal,,4195.77874324219
10,13,0.017834712123,Sinclinal,,1990.35466298985
11,14,0.140121128659,Sinclinal,,15648.9672144127
12,15,0.0630013651762,Sinclinal,,7027.78559465803
13,16,0.131143614779,Sinclinal volcado,Sinclinal de San Miguel,14647.8885244774
14,17,0.130880414336,Anticlinal,,14614.1838366456
15,18,0.175061196178,Anticlinal,Anticlinal de Río Upía,19546.8378522989
16,19,0.016374080845,Anticlinal,,1827.78385979004
17,20,0.175305113417,Anticlinal,,19567.1098874585
18,21,0.059907049035,Anticlinal,,6686.6014122388
19,22,0.045643165276,Anticlinal,,5099.98578268155
20,23,0.0815463978752,Anticlinal,,9107.98939285498
21,24,0.109641031133,Anticlinal,,12249.5287986274
22,25,0.222734036423,Anticlinal,,24867.9812154571
23,26,0.607717262175,Anticlinal,Anticlinal de Paya,67940.1841092281
24,27,0.0875409000271,Anticlinal,,9777.52950986428
25,28,0.134962251699,Sinclinal inferido,,15059.257336726
26,29,0.155564363469,Sinclinal,,17382.8270309531
27,30,0.123991518157,Anticlinal,,13853.1451388342
28,31,0.0410670768911,Sinclinal,,4589.09488471246
29,32,0.183268597282,Sinclinal,,20467.2800836603
30,33,0.0561502705167,Sinclinal,,6276.43889532374
31,34,0.0599674941436,Anticlinal,,6694.91384085734
32,35,0.0948674450827,Sinclinal,Sinclinal de Esmirla,10589.3583134082
33,36,0.0425133236187,Sinclinal,,4752.14330179744
34,37,0.107829977211,Sinclinal,,12049.4752265206
35,38,0.0793829607432,Anticlinal,,8866.40906453145
36,39,0.106452997968,Anticlinal,,11896.4146895406
37,40,0.159331787095,Anticlinal,,17790.0992564827
38,41,0.0648239082139,Sinclinal cubierto,,7241.14987395766
39,42,0.112474815168,Anticlinal,,12550.4163351372
40,43,0.0734594880081,Anticlinal,,8206.10347142044
41,44,0.0963612938715,Sinclinal,,10767.913266927
42,45,0.180538354752,Sinclinal,,20173.0992162149
43,46,0.147437412793,Sinclinal,,16461.5069111639
44,47,0.0704485525453,Anticlinal,,7857.93452759672
45,48,0.14880986336,Sinclinal,,16630.6548308042
46,49,0.193066587154,Sinclinal,Sinclinal de Aguilera,21579.9867437499
47,50,0.0762087289398,Sinclinal,,8515.55673096887
48,51,0.0694162889973,Anticlinal,,7757.95494555112
49,52,0.207946498722,Sinclinal,,23225.290287948
50,53,0.0563919641942,Sinclinal,,6297.96233213709
51,54,0.0466067260361,Sinclinal,,5204.22357140504
52,55,0.0524403180231,Sinclinal,,5847.89371046679
53,56,0.0966571234358,Sinclinal,,10789.3420758841
54,57,0.0186633047107,Sinclinal,,2082.37312630132
55,58,0.0370944181666,Sinclinal,,4138.85213073504
56,59,0.0533978664359,Sinclinal,,5960.27261979246
57,60,0.106878049733,Sinclinal inferido,,11920.6043951322
58,61,0.081078711084,Anticlinal,,9052.59988271321
59,62,0.0816966579509,Anticlinal,,9123.21015383119
60,63,0.133065544335,Anticlinal,,14852.3004397731
61,64,0.103207200143,Sinclinal,,11520.4850069787
62,65,0.35075697325,Sinclinal con cabeceo,Sinclinal de Recetor,39148.6141409035
63,66,0.334939882138,Anticlinal con cabeceo,Anticlinal de Monterralo,37387.151235011
64,67,0.549829487144,Anticlinal,Anticlinal de Río Sunce,61404.0545193584
65,68,0.27318970107,Anticlinal con cabeceo,Anticlinal de Tierra Negra,30480.7875901718
66,69,0.532425416858,Anticlinal con flancos invertidos,Anticlinal de Monserrate,59416.1119582945
67,70,0.103788977182,Sinclinal,Sinclinal de El Retiro,11571.3659081842
68,71,0.0126661152749,Anticlinal,,1414.20059492653
69,72,0.110487593257,Sinclinal,Sinclinal de El Boquerón,12338.8268388781
70,73,0.0740404896493,Anticlinal volcado,,8258.41347634527
71,74,0.311442887857,Sinclinal,,34772.4368994906
72,75,0.283312025128,Anticlinal con cabeceo,,31653.7307103043
73,76,0.216525662873,Anticlinal,Anticlinal de Pauna,24190.200704044
74,77,0.167246177139,Sinclinal,Sinclinal de El Almendro,18691.5209328708
75,82,0.0887249046492,Sinclinal,,9915.92311266059
76,83,0.12256892229,Anticlinal,Anticlinal de Hinche,13699.012631875
77,84,0.188769737079,Anticlinal,Anticlinal de Murca,21100.7156096934
78,86,0.0335867373238,Anticlinal,,3747.53390574157
79,87,0.733076697852,Sinclinal,Sinclinal de El Porvenir,81780.0042597384
80,88,0.0508442318858,Sinclinal,,5664.01578383953
81,89,0.0269839568468,Sinclinal,Sinclinal del Mango,3005.39220655375
82,90,0.0382713701769,Sinclinal,Sinclinal de Diego Pérez,4262.42925699349
83,91,0.0369342191282,Sinclinal,,4114.16707243619
84,92,0.0406956341908,Anticlinal,Anticlinal de Manga,4532.09289575415
85,93,0.0199383732275,Anticlinal,,2220.81838787581
86,94,0.0221411950881,Sinclinal,,2466.23788890228
87,95,0.018216813543,Sinclinal,,2029.10159785905
88,96,0.0577841003326,Sinclinal,,6442.97479225306
89,97,0.0368517249583,Anticlinal,,4109.12000147763
90,98,0.0264052245241,Anticlinal,,2945.20022581617
91,1713,0.0440740904379,Sinclinal,,4957.44475792349
92,99,0.0536787384808,Sinclinal,,5986.52231995045
93,100,0.0730965121263,Sinclinal,Sinclinal de Santa Rita,8151.20234898083
94,104,0.11974684159,Anticlinal,Anticlinal de Tucuy,13450.9112013347
95,105,0.120169456229,Anticlinal,,13513.6313490207
96,106,0.415347554764,Sinclinal,Sinclinal de Tarqui,46251.1176096886
97,107,0.204753305088,Sinclinal,,23041.2584998459
98,108,0.174911516498,Anticlinal con doble cabeceo,,19525.8778253368
99,112,1.03167949651,Sinclinal con cabeceo,Sinclinal de Zamaricote,115415.492719295
100,114,0.17362882392,Sinclinal,,19499.2680974692
101,117,0.244027466223,Anticlinal,Anticlinal del Alto de La Chapa-Borbur,27256.5402582671
102,122,0.0445570017805,Anticlinal con cabeceo,,4998.20026851794
103,123,0.0153194074492,Anticlinal,,1718.80680456843
104,124,0.0830448032987,Anticlinal con cabeceo,Anticlinal de Provincia,9315.06771210631
105,125,0.125317955273,Anticlinal con cabeceo,Anticlinal de Vanegas,14047.9367423477
106,126,0.027850990117,Sinclinal con cabeceo,Sinclinal de Arévalo,3121.03691692654
107,127,0.0477149967522,Sinclinal,,5348.26553472005
108,128,0.0218198451482,Anticlinal con cabeceo,Anticlinal de Romerillo,2429.05973947976
109,129,0.0596499056291,Anticlinal con cabeceo,Anticlinal de La Mona,6640.30505696369
110,130,0.0273683678767,Sinclinal,,3062.27695816447
111,131,0.0456842421922,Sinclinal con cabeceo,,5111.59325464451
112,132,0.0237281450416,Sinclinal con cabeceo,,2653.94135021933
113,133,0.0683992853975,Sinclinal,Sinclinal de Venecia,7631.5766192293
114,134,0.0934375322063,Sinclinal,,10403.9895194421
115,135,0.0851276556084,Anticlinal,Anticlinal de Alto de Mayo,9479.81272696373
116,136,0.0286048697817,Sinclinal,Sinclinal de Quebrada Honda,3185.157585155
117,137,0.0934724475645,Sinclinal,Sinclinal de Mercaderes,10408.7639315851
118,138,0.0754561675995,Anticlinal,Anticlinal de Reyes,8402.29382679334
119,139,0.0247544330675,Sinclinal,Sinclinal de Capellana,2755.88202697731
120,140,0.0362832443955,Sinclinal,Sinclinal de Capellana,4040.81577129488
121,141,0.0346407622517,Anticlinal,,3857.05335941795
122,142,0.0394899928409,Anticlinal,,4397.47236514182
123,143,0.0525814506549,Sinclinal,Sinclinal de Romerillos,5855.61449252785
124,144,0.0468908782469,Sinclinal,,5227.36642281956
125,145,0.0601716939811,Sinclinal,,6708.63711881747
126,146,0.0390006119696,Sinclinal,,4348.86150015353
127,147,0.034598208359,Sinclinal,,3855.53922110288
128,148,0.0794197508591,Anticlinal,,8864.36602860407
129,150,0.0556144616912,Anticlinal,Anticlinal de Paila Arriba,6204.46042356297
130,152,0.131041639249,Anticlinal,Anticlinal de La Paila,14620.3287919833
131,153,0.200675466684,Anticlinal,Anticlinal de Las Pavas,22381.5656344715
132,154,0.0214899368012,Sinclinal,,2397.62125316086
133,156,0.180640410639,Sinclinal,Sinclinal de La Negra,20149.717077996
134,157,0.0685763183078,Anticlinal,Anticlinal de La Paila,7652.1074966117
135,159,0.104322679616,Anticlinal,,11639.9565541333
136,160,0.0533441950641,Sinclinal con cabeceo,,5954.61935335424
137,161,0.0207645610133,Sinclinal con cabeceo,,2315.79151292876
138,162,0.21060754178,Sinclinal,,23511.5523437563
139,163,0.0595336173743,Sinclinal,,6638.5107126164
140,164,0.0478700638325,Sinclinal,,5336.2579701174
141,165,0.0837791471343,Anticlinal con cabeceo,,9343.62735149945
142,166,0.0588278529637,Anticlinal,,6560.61219064501
143,167,0.0463542224153,Sinclinal,,5161.06213248434
144,168,0.0538436631242,Anticlinal,,5994.0451537648
145,169,0.0634613017264,Sinclinal,,7065.76097958307
146,170,0.044659666711,Sinclinal,,4972.16303565877
147,171,0.0268123105726,Sinclinal,Sinclinal de Baraya,2986.8142417049
148,172,0.0212679316871,Sinclinal,Sinclinal de Galeón,2368.91816054591
149,182,0.0341474209125,Sinclinal,Sinclinal de Pamplonita,3830.39293799298
150,187,0.0522958783311,Anticlinal volcado,,5870.08953009139
151,193,0.26299465809,Sinclinal,Sinclinal de Santa Catalina,29516.0251599665
152,194,0.176555473994,Sinclinal con cabeceo,,19826.7794652225
153,195,0.11271616004,Sinclinal con cabeceo,,12648.424487357
154,196,0.0550297219579,Sinclinal,,6185.56752482413
155,197,0.0469246432378,Sinclinal,,5272.74638229142
156,198,0.10866929409,Anticlinal,,12208.0078453982
157,199,0.0620157798176,Anticlinal,,6969.93167190883
158,200,0.0601500270366,Anticlinal,,6756.02977541403
159,201,0.0938058312407,Anticlinal,,10524.6444231434
160,202,0.158896261288,Anticlinal,,17817.1772154664
161,203,0.0827407073754,Sinclinal,,9269.44222690256
162,204,0.14910885519,Sinclinal cubierto,,16684.0357904494
163,205,0.385114419174,Anticlinal con doble cabeceo,,43161.3202998696
164,206,0.293511509196,Anticlinal con cabeceo,,32830.6802464986
165,207,0.14635450253,Sinclinal,,16342.3862654482
166,208,0.190837496607,Sinclinal,,21383.8739630795
167,209,0.143895146371,Anticlinal,,16106.2274546356
168,210,0.510398086252,Anticlinal,,57141.9045607522
169,211,0.0742672233749,Sinclinal,Sinclinal de Doguadó,8320.52299047121
170,212,0.171755783653,Anticlinal con doble cabeceo,Anticlinal de Opogadó,19252.7906801696
171,213,0.228142362065,Sinclinal con doble cabeceo,,25567.1060944389
172,214,0.0968354154921,Sinclinal,,10783.1010441516
173,215,0.17810086098,Anticlinal con cabeceo,Anticlinal de Yoto,19958.5955460698
174,216,0.0649818354643,Anticlinal con cabeceo,,7267.74044471215
175,217,0.134141187358,Anticlinal con cabeceo,,14990.3414761237
176,218,0.157348931816,Sinclinal,,17524.2946696154
177,219,0.391284373742,Sinclinal con cabeceo,,43653.778115089
178,220,0.315118151331,Anticlinal con cabeceo,,35173.5049448483
179,221,0.379217604901,Sinclinal,,42309.8838618586
180,222,0.0611519968951,Sinclinal,,6838.25088242708
181,223,0.037854796334,Sinclinal,,4232.36036718079
182,224,0.0311133896404,Anticlinal,,3478.73752788965
183,225,0.135340876599,Anticlinal con cabeceo,,15072.9247319079
184,226,0.0837629130548,Anticlinal con cabeceo,,9328.10575003687
185,227,0.0551256699078,Sinclinal con cabeceo,,6137.09580047324
186,228,0.090470928605,Anticlinal con cabeceo,,10076.9307807344
187,229,0.0737313233039,Anticlinal con cabeceo,,8229.79237569446
188,230,0.0969594679454,Sinclinal,,10818.0824284769
189,231,0.0671124619182,Sinclinal,,7489.03992381813
190,232,0.0785958328563,Sinclinal,,8772.59986343984
191,233,0.157740330112,Sinclinal,,17594.9381400994
192,234,0.0377975294027,Sinclinal,,4210.18468079753
193,235,0.0860329552838,Sinclinal,,9601.39902093837
194,236,0.0590149069016,Sinclinal,,6571.14020763091
195,237,0.184860705756,Sinclinal,,20604.7945066507
196,238,0.167698829096,Anticlinal,,18707.1983177869
197,239,0.0694254185627,Sinclinal,,7749.99675383514
198,240,0.105513458043,Anticlinal,,11751.0853941425
199,241,0.0727037182753,Sinclinal,,8095.5056925293
200,242,0.0348050376267,Anticlinal con cabeceo,,3887.04701964547
201,264,0.371866387277,Sinclinal,Sinclinal de Sabanalarga,42089.1047613944
202,268,0.26572918362,Sinclinal,Sinclinal de Maco,29963.2416177171
203,269,0.643277494052,Sinclinal,Sinclinal del Guamo,72296.9343828511
204,270,0.0874234812359,Anticlinal,,9836.34706242805
205,271,0.0646539642182,Anticlinal,,7280.16993095628
206,272,0.179731022228,Sinclinal,,20243.601814076
207,273,0.091790083781,Anticlinal,,10281.7067301005
208,274,0.175267224636,Sinclinal,,19712.4258082234
209,275,0.264452361778,Anticlinal,Anticlinal de Tolú Viejo,29720.1153309404
210,276,0.158027570543,Anticlinal,Anticlinal de Tuchín,17775.6729720207
211,277,0.260383447681,Sinclinal,,29276.006875311
212,278,0.0913391437938,Sinclinal,Sinclinal de La Burra,10277.6309435334
213,279,0.179192259499,Sinclinal,Sinclinal de Malibusal,20160.1166646094
214,281,0.21485106838,Sinclinal,Sinclinal del Limón,24061.1439390954
215,282,0.0513591506944,Anticlinal,,5778.35257894927
216,283,0.092195943294,Anticlinal,,10377.4163939056
217,284,0.0574731175874,Anticlinal,,6462.65489385034
218,288,0.563831226521,Anticlinal,Anticlinal del Guamo,63426.7022112174
219,289,0.127574151338,Sinclinal con cabeceo,,14358.631190546
220,290,0.229660791021,Anticlinal,,25863.5403864489
221,291,0.10803925653,Anticlinal,,12171.285695475
222,292,0.0508464902115,Sinclinal,,5732.78994117915
223,293,0.214215844642,Sinclinal,Sinclinal de Buenos Aires,24149.9138355181
224,294,0.217609189212,Anticlinal con cabeceo,Anticlinal de Concordia,24402.640091517
225,297,0.0132430113921,Sinclinal,,1481.05242459066
226,299,0.0234153150491,Sinclinal,Sinclinal de Fundación,2645.53896158373
227,300,0.0850519191015,Anticlinal,Anticlinal del Barro,9559.36739762956
228,301,0.0187763722309,Anticlinal,,2093.15607266369
229,302,0.195655894588,Sinclinal,Sinclinal de Tubará,22077.538686579
230,303,0.0343959425618,Sinclinal,,3839.82916473628
231,304,0.0827483265262,Sinclinal,Sinclinal de Matua,9304.52309708156
232,305,0.0688474093411,Anticlinal,Anticlinal de Santa Catalina,7790.28681516416
233,306,0.0448927188421,Anticlinal volcado,Anticlinal de Manzanillo,5055.77304081608
234,307,0.191353186095,Anticlinal,Anticlinal de Sibarco,21632.4416230765
235,308,0.147331881197,Anticlinal,Anticlinal de Chalán,16593.8493952346
236,309,0.09081889506,Sinclinal,Sinclinal de Los Venados,10186.9992517266
237,310,0.109767678159,Anticlinal,Anticlinal de Fundación,12355.4629963768
238,321,0.211174471146,Sinclinal con cabeceo,,23639.7757499549
239,322,0.0490758542094,Sinclinal con cabeceo,,5490.2109257624
240,323,0.149584592235,Anticlinal con cabeceo,,16751.183020173
241,324,0.100442647188,Anticlinal con cabeceo,,11311.0658317318
242,325,0.0314873449589,Anticlinal con cabeceo,,3542.94184264489
243,326,0.0795576434477,Sinclinal,,8945.02645159371
244,327,0.0360724181291,Sinclinal,,4073.44654621349
245,334,0.252549361897,Sinclinal,Sinclinal de Tulipa,28374.0794902839
246,335,0.0931066259457,Sinclinal,Sinclinal de Tulipa,10375.0658063393
247,336,0.0532981024596,Anticlinal con cabeceo,,5997.33776530012
248,337,0.0283093033446,Anticlinal con cabeceo,,3186.98910808128
249,338,0.0573247018469,Sinclinal,,6447.58262386643
250,339,0.308153646793,Anticlinal,Anticlinal de San Jerónimo,34685.3518238862
251,340,0.16521848327,Sinclinal,Sinclinal de Popayán,18556.2354103371
252,342,0.157454489024,Sinclinal,Sinclinal de Los Esquimales,17740.2721155094
253,343,0.167797606932,Sinclinal con cabeceo,Sinclinal del Pantano,18864.6899894033
254,345,0.170614114774,Sinclinal,Sinclinal de Arenas,19221.1355931981
255,346,0.230537111183,Anticlinal,Anticlinal del Pital,25961.4255595442
256,347,0.0763862325699,Anticlinal,Anticlinal de Campano,8563.64696135873
257,348,0.14347785017,Sinclinal,Sinclinal del Polvero,16112.2802435772
258,349,0.0682923705292,Sinclinal,Sinclinal de La Ñeca,7683.55179515703
259,350,0.0559805129417,Anticlinal,Anticlinal de La Estancia,6268.14808581466
260,351,0.0265322419335,Anticlinal,,2968.6518267019
261,352,0.0324172335824,Sinclinal,Sinclinal de Buena Vista,3637.18482307003
262,353,0.0482776540642,Anticlinal con doble cabeceo,Anticlinal de Arenas Blancas,5403.32785133584
263,354,0.279221415232,Anticlinal,Anticlinal del Retiro,31455.2808146748
264,355,0.228269291631,Sinclinal,Sinclinal de Astrea,25744.7602244252
265,356,0.056840379626,Anticlinal,,6404.82610830509
266,357,0.133756199203,Sinclinal,,15078.6164195441
267,358,0.211727936105,Anticlinal,Anticlinal de Astrea,23890.8402893028
268,359,0.196859189675,Sinclinal,Sinclinal de Arjona,22165.1721447719
269,360,0.207377569715,Anticlinal,,23332.3246310909
270,361,0.146121842222,Sinclinal,,16453.9898165869
271,363,0.104937161101,Sinclinal,,11822.2803234349
272,364,0.0433135284226,Anticlinal,,4884.52404850456
273,365,0.0459623151956,Sinclinal,Sinclinal de Cesarito,5146.97480887442
274,366,0.05095495252,Anticlinal con cabeceo,Anticlinal de Cesarito,5720.91399321286
275,367,0.0711718295189,Anticlinal,,7996.24057012764
276,368,0.134787424773,Sinclinal,,15085.5822220689
277,369,0.0792896614831,Anticlinal,,8869.4308958394
278,370,0.194793436907,Anticlinal,Anticlinal de Buchadó,21812.4658879679
279,371,0.153601249064,Sinclinal,Sinclinal de Buchadó,17194.9499719189
280,372,0.0172544089118,Sinclinal,,1935.2394275422
281,373,0.0532029186664,Sinclinal,,5955.41483277584
282,374,0.0485435820991,Sinclinal,,5445.9141392545
283,375,0.0330774568344,Sinclinal,Sinclinal de Arcabuco,3710.34068746865
284,376,0.0500328148641,Anticlinal,,5612.65960959794
285,377,0.0748860071278,Anticlinal,Anticlinal de Los Deseos,8381.97127755114
286,378,0.127699481774,Sinclinal,Sinclinal de Los Deseos,14319.2109249296
287,380,0.0386148905751,Sinclinal,,4329.2057525904
288,381,0.0186105830944,Sinclinal,,2086.7138583938
289,382,0.0454522507866,Sinclinal,,5099.4460224894
290,383,0.0341384746038,Sinclinal,,3819.00703349071
291,384,0.0283076086381,Anticlinal,,3172.86787246814
292,385,0.0296361680175,Anticlinal,,3319.81572823681
293,386,0.0323128125982,Anticlinal,,3598.43530771731
294,387,0.0529860306016,Sinclinal,Sinclinal de La Camacha,5945.35669821074
295,388,0.0907606367159,Sinclinal,Sinclinal de La Camacha,10184.5040348079
296,389,0.0510926302277,Anticlinal,,5736.24933650555
297,390,0.0457731546008,Sinclinal,,5137.47944402283
298,391,0.0389523198625,Sinclinal,,4372.37228193321
299,392,0.0512593004946,Sinclinal,,5744.88821511697
300,393,0.056656153021,Sinclinal,,6360.29822398227
301,394,0.0265909825857,Sinclinal,,2981.12698418678
302,395,0.0842617191292,Sinclinal volcado,Sinclinal de Culagá,9452.63244081511
303,396,0.06900558126,Sinclinal,Sinclinal de Culaga,7739.69119335443
304,397,0.0501401213744,Anticlinal,,5612.08930743284
305,398,0.0228623771326,Sinclinal,,2566.80633906909
306,399,0.0258079116078,Anticlinal,,2893.47154998776
307,400,0.0857313888713,Sinclinal,,9634.4902376598
308,401,0.269763912456,Sinclinal con doble cabeceo,Sinclinal de Jaraguay,30207.0423563473
309,402,0.274109202889,Sinclinal con doble cabeceo,Sinclinal de Tucurá,30752.8034648134
310,403,0.014609775087,Anticlinal,,1643.94082510996
311,404,0.0228915544618,Sinclinal,,2574.46241119321
312,405,0.0358769285822,Sinclinal,,4035.07619351564
313,406,0.101734882764,Anticlinal,Anticlinal de Loma Azul,11434.4391770045
314,407,0.0793027035313,Anticlinal,Anticlinal de San Jerónimo,8922.4189699004
315,408,0.128863867883,Anticlinal,Anticlinal de Carolina,14492.8411982163
316,409,0.0979392232375,Sinclinal,Sinclinal de Umbito,10995.5208657345
317,410,0.0623193451587,Anticlinal,,7010.68887293866
318,411,0.0606332579421,Sinclinal,,6817.23312446298
319,412,0.117168696455,Sinclinal,,13172.1864288397
320,413,0.0683160966431,Sinclinal,,7688.45677807512
321,414,0.207749003466,Sinclinal,Sinclinal de Quebrada Honda,23132.558811811
322,415,0.0796367620617,Sinclinal,Sinclinal de Peña Negra,8867.22245108243
323,416,0.0193704539791,Sinclinal,,2156.64118039613
324,417,0.0739973380736,Sinclinal,,8239.77362927993
325,418,0.00683805196245,Sinclinal,,761.411288454536
326,419,0.0082116501615,Sinclinal,,914.377928539391
327,420,0.0230335984548,Anticlinal,,2565.46118262709
328,421,0.0178909792269,Sinclinal,,1992.45304186556
329,422,0.0208657447834,Anticlinal,,2323.77166926944
330,423,0.0156436064033,Anticlinal,,1741.75399840775
331,424,0.0576032498835,Sinclinal,,6414.59360235029
332,425,0.0250177917201,Sinclinal,,2786.05692634661
333,426,0.011119816989,Anticlinal,,1238.19428733323
334,427,0.0383640745555,Anticlinal,,4271.61580439515
335,428,0.049939211431,Anticlinal,,5573.61320485946
336,429,0.0238792677888,Anticlinal,,2663.85016752564
337,430,0.135297892854,Sinclinal,,15104.3662113483
338,431,0.0925588680752,Sinclinal,,10313.8202328353
339,432,0.0250457629702,Sinclinal,,2797.60863958474
340,433,0.149035886945,Anticlinal,,16610.2243617208
341,434,0.0723914598395,Anticlinal,,8085.01815770741
342,435,0.0881846325592,Anticlinal,,9846.11060634299
343,436,0.0645945138717,Anticlinal,,7206.40900434397
344,437,0.0131221255929,Anticlinal,,1462.5342233026
345,438,0.0555987876491,Anticlinal,,6202.83049935581
346,439,0.0322074268634,Anticlinal,,3591.89876385164
347,440,0.0354144782262,Anticlinal,,3942.38732653444
348,441,0.0722222351877,Sinclinal,,8040.07991549586
349,442,0.0351967916268,Sinclinal,Sinclinal de Alto de Mayo,3919.50345024662
350,443,0.0233598910206,Sinclinal,,2602.96570167518
351,444,0.0212102553839,Anticlinal,,2369.69347705167
352,445,0.138981069127,Anticlinal,,15500.5686220753
353,446,0.0381093223364,Anticlinal,,4247.16762940634
354,447,0.0689809187836,Anticlinal,,7697.75232777245
355,448,0.160219367229,Sinclinal con cabeceo,,17915.5221965417
356,449,0.362664252434,Sinclinal cubierto,,40557.6358418632
357,450,0.234633131496,Sinclinal con cabeceo,,26225.1694093401
358,451,0.0600643794619,Anticlinal,,6713.61440336465
359,452,0.0375712285312,Sinclinal,,4198.76635164235
360,453,0.116568220841,Anticlinal,,13034.7542677765
361,454,0.145315229019,Sinclinal,,16249.6972864224
362,455,0.0816753630931,Anticlinal,,9130.3012854288
363,456,0.0236507368838,Sinclinal,,2644.74712578936
364,457,0.119520521901,Anticlinal,,13367.5101573634
365,458,0.242290961833,Sinclinal cubierto,,27112.5852189298
366,459,0.115415788544,Sinclinal cubierto,,12910.4221026875
367,460,0.107777598511,Sinclinal con cabeceo,,12051.8957244562
368,461,0.0563144187661,Anticlinal con cabeceo,,6300.45345567163
369,462,0.0800745443876,Sinclinal con cabeceo,,8954.68893262823
370,463,0.100348691913,Anticlinal con cabeceo,,11222.5688723665
371,465,0.195599304231,Sinclinal,Sinclinal de Palacio,21838.765209736
372,466,0.331869602662,Sinclinal con doble cabeceo,Sinclinal de Tesalia,36967.5189679783
373,467,0.14471155414,Anticlinal con cabeceo,Anticlinal de La Hocha,16122.7375602044
374,468,0.044808101184,Sinclinal con cabeceo,,4992.52739355609
375,469,0.125331290608,Anticlinal con cabeceo,Anticlinal de Nátaga,13963.3208067951
376,470,0.0223487211568,Sinclinal con cabeceo,,2488.25693738899
377,471,0.0217698136039,Sinclinal,,2426.13895407542
378,472,0.0709022747364,Sinclinal,Sinclinal de Nazareth,7901.66771822274
379,473,0.150151383283,Sinclinal,Sinclinal de Yaguará,16725.2108113906
380,474,0.0954172492443,Sinclinal,,10625.0073325877
381,475,0.196110206485,Sinclinal,Sinclinal de Garzón,21843.6564414042
382,476,0.128658902881,Anticlinal,Anticlinal de El Agrado,14327.145787138
383,477,0.0535552440051,Anticlinal,Anticlinal de La Cañada,5964.56571349471
384,478,0.130200558517,Anticlinal,Anticlinal de Zuluaga,14504.7330805276
385,479,0.0971367692502,Anticlinal con cabeceo,Anticlinal de La Esperanza,10818.9916947431
386,483,0.192901604352,Sinclinal,,21561.2301067102
387,484,0.0919628749529,Anticlinal,,10303.717245353
388,485,0.0593883501682,Sinclinal,,6652.91356460116
389,486,0.0736084418383,Anticlinal,,8250.03904347121
390,488,0.0604991065046,Sinclinal,,6781.18154734182
391,489,0.0582961507061,Sinclinal,,6531.29491923603
392,491,0.0634750091548,Anticlinal,,7113.60893821445
393,492,0.0618040602661,Sinclinal,,6930.06096351985
394,494,0.0302600288345,Sinclinal,,3394.8693556263
395,496,0.192573012046,Anticlinal,Anticlinal de Ibama,21529.2782233659
396,497,0.172963978481,Sinclinal,Sinclinal de Topaipí,19335.114431952
397,498,0.11573457139,Sinclinal,Sinclinal de Caldas,12925.2039625198
398,499,0.137301598525,Anticlinal,Anticlinal de Caldas,15338.4258572984
399,500,0.068495780098,Anticlinal,,7640.49170697357
400,501,0.318930779017,Anticlinal,Anticlinal de Tinjacá-Oiba,35608.5677145479
401,502,0.018533818604,Sinclinal,Sinclinal de Alto de Mayo,2063.58548918696
402,503,0.0555983893733,Sinclinal,Sinclinal de Alto de Mayo,6191.03531296234
403,504,0.027049695912,Sinclinal,Sinclinal de Alto de Mayo,3011.78641122655
404,505,0.107074508306,Anticlinal,Anticlinal de Nemocón,11935.5497638293
405,506,0.137498589986,Anticlinal,Anticlinal de Suesca,15351.5241002857
406,507,0.124671268933,Anticlinal,,13915.6960721056
407,508,0.0938307906937,Sinclinal,,10476.561862224
408,509,0.351086991913,Sinclinal,Sinclinal de Albarracín,39182.1890427992
409,510,0.269368022696,Sinclinal,Sinclinal de Suesca,30058.1008004061
410,511,0.114685014669,Anticlinal volcado,Anticlinal de Chocontá,12796.9604973459
411,512,0.0838192850579,Anticlinal,Anticlinal de Chocontá,9353.64388896213
412,513,0.0953364185987,Anticlinal volcado,Anticlinal de Guachaneca,10638.9141639168
413,514,0.0686706645024,Sinclinal,,7664.07086500438
414,515,0.0917754487804,Anticlinal,Anticlinal de Machetá,10250.2194236868
415,516,0.149699896996,Sinclinal,,16701.092400031
416,517,0.0651076163473,Sinclinal con cabeceo,Sinclinal de Sueva,7271.889829108
417,518,0.101967831458,Sinclinal,Sinclinal de Sueva,11385.8837599752
418,519,0.0340549294314,Sinclinal,,3791.79246096124
419,520,0.162246911958,Anticlinal,Anticlinal de Sopó-Sesquilé,18099.2669918739
420,527,0.0982780064218,Sinclinal,,10976.6939218842
421,528,0.210236660126,Anticlinal con cabeceo,Anticlinal de Portones,23501.2275474704
422,529,0.892722520407,Sinclinal,Sinclinal de Chiquinquirá-San José de Pare,99782.9541068622
423,530,0.522315137165,Anticlinal,Anticlinal de Jesús María,58385.1175843824
424,531,0.402453992261,Sinclinal,Sinclinal de Jesús María,44991.5543983231
425,532,0.279247563828,Anticlinal,Anticlinal de Pradera,31208.1031480814
426,533,0.180995989035,Sinclinal,Sinclinal de Pradera,20222.0835202595
427,534,0.160880909054,Anticlinal,Anticlinal de Guachaneca,17944.8943203932
428,535,0.207608676376,Sinclinal,Sinclinal de Guachetá,23152.0928721509
429,536,0.0302399567656,Sinclinal,,3375.64354855372
430,537,0.219330739316,Sinclinal,Sinclinal de Aposentos,24493.3326297005
431,538,0.0559207702574,Anticlinal con flancos invertidos,,6239.67396697175
432,539,0.0575308311872,Anticlinal,,6417.50895424737
433,540,0.411962099153,Anticlinal con cabeceo,Anticlinal de Río Piedras,46040.9030426868
434,541,0.404034310672,Sinclinal,Sinclinal de Coper,45147.1846075987
435,542,0.0980907478303,Sinclinal,Sinclinal de Chaquira,10949.9400703325
436,543,0.109919234705,Anticlinal,Anticlinal de Suaga,12275.0632245447
437,544,0.0714321246521,Sinclinal,Sinclinal de Fúquene,7977.01319620771
438,545,0.0141895995909,Anticlinal,,1584.26313926502
439,546,0.166607624018,Sinclinal,Sinclinal de Ráquira,18590.8750591205
440,547,0.20155575343,Anticlinal,Anticlinal de Ráquira,22488.42283243
441,548,0.203059734134,Sinclinal,Sinclinal de La Isla,22662.3767329957
442,549,0.279118308536,Anticlinal,Anticlinal de Rabanal,31155.2337029235
443,550,0.160790977966,Sinclinal,Sinclinal de Neusa,17949.675587833
444,551,0.153456006631,Sinclinal volcado,Sinclinal de Checua,17134.9887477239
445,552,0.109733274842,Sinclinal,Sinclinal de Checua,12230.1996900447
446,553,0.0342230779066,Anticlinal,,3820.5206912556
447,554,0.0836759320176,Sinclinal,,9337.51368392143
448,555,0.0880586742835,Sinclinal,Sinclinal de Carupa,9832.14418219201
449,556,0.0391649494903,Anticlinal,,4368.32187675889
450,557,0.0267646015731,Anticlinal volcado,,2988.99075492029
451,558,0.0905486790758,Anticlinal,Anticlinal de Zipaquirá,10104.5939462852
452,559,0.224515318415,Sinclinal,Sinclinal de Río Frío,25079.7064446883
453,561,0.118403034979,Anticlinal volcado,Anticlinal de Zipaquirá,13221.4602651255
454,562,0.22860716241,Anticlinal,Anticlinal de Tausa,25506.5767823763
455,574,0.0643966255623,Anticlinal,,7194.6481823103
456,575,0.223910132156,Anticlinal,,25002.5007552778
457,576,0.0510582364205,Sinclinal,,5698.66891774985
458,577,0.0447443621079,Anticlinal,,4995.79669336093
459,578,0.156491046799,Anticlinal,,17454.4232834118
460,579,0.0326919074288,Anticlinal,,3648.03417220518
461,581,0.0963213076855,Sinclinal,,10756.7058250066
462,582,0.0376751985793,Anticlinal,,4210.24346798717
463,583,0.042461402454,Anticlinal,,4746.28538595579
464,584,0.0300812076726,Anticlinal con cabeceo,,3357.03191237047
465,585,0.202871835817,Anticlinal con cabeceo,Anticlinal de Las Pavas,22643.6025179266
466,586,0.191526583644,Anticlinal,Anticlinal de Ventaquemada,21371.9681082625
467,587,0.00986774028077,Anticlinal,,1101.21025787699
468,588,0.0165896641124,Anticlinal,,1853.25864721299
469,590,0.432925767111,Sinclinal,Sinclinal de Córdoba,48375.0763103235
470,598,0.130804102143,Anticlinal,,14611.8094983632
471,599,0.259194007287,Sinclinal,,28958.5661469235
472,602,0.0214740940758,Anticlinal,,2404.80098802944
473,603,0.0515040485133,Anticlinal con cabeceo,Anticlinal de Betulia,5770.60882979007
474,604,0.17637976329,Sinclinal,Sinclinal de Angostura,19768.1238165288
475,605,0.0664947023161,Sinclinal,Sinclinal de Delgadito,7450.41439780798
476,606,0.10679372285,Sinclinal,Sinclinal de Delgadito,11964.5075136094
477,607,0.0504302581302,Sinclinal,Sinclinal de El Coronal,5647.41384358519
478,608,0.0287348540069,Sinclinal,,3211.69218773446
479,609,0.0524637964034,Sinclinal,Sinclinal de Delgadito,5881.36474544377
480,610,0.0828358377352,Sinclinal,Sinclinal de El Escobal,9269.2457579531
481,611,0.0159904823965,Sinclinal,,1786.11272582643
482,612,0.0430017587236,Anticlinal,,4807.35821442821
483,613,0.0691319902413,Sinclinal,Sinclinal de Rondón,7733.35267657131
484,614,0.0492022141274,Sinclinal,Sinclinal de Mongua,5504.32565915367
485,615,0.0923247115319,Sinclinal,Sinclinal de Mongua,10314.9503077428
486,616,0.107048428936,Sinclinal,,11944.4576116957
487,617,0.0875354359863,Sinclinal,Sinclinal de El Crisol,9775.24248653408
488,623,0.0862488273177,Sinclinal,,9657.4034617739
489,625,0.20353455153,Sinclinal,Sinclinal del Valle,22780.8010308323
490,626,0.240284655151,Sinclinal,Sinclinal del Páramo,26894.992728755
491,627,0.105245577267,Anticlinal,,11769.966301426
492,628,0.123462841975,Sinclinal,Sinclinal de Zapatoca,13834.1437796947
493,630,0.0370961834126,Sinclinal,Sinclinal de San José,4148.4275408928
494,652,0.0843355703122,Anticlinal,,9448.5125966795
495,653,0.037478804836,Sinclinal con cabeceo,,4196.92464362166
496,654,0.0944138075905,Sinclinal,Sinclinal de La Bricha,10575.8639374109
497,655,0.0465219725229,Anticlinal,,5209.83837683291
498,656,0.0988193284761,Anticlinal,,11068.296695624
499,657,0.0604897116883,Anticlinal,,6778.86295465633
500,658,0.0673334599083,Anticlinal con cabeceo,,7536.15443740467
501,659,0.0388231540213,Anticlinal,,4347.20655865337
502,660,0.0834591789182,Sinclinal,,9347.47882326702
503,661,0.0224304156636,Sinclinal con cabeceo,,2512.39558474961
504,662,0.00939918405305,Anticlinal,,1052.63092794096
505,663,0.0521670012034,Sinclinal,,5844.33289527383
506,664,0.0332216283378,Sinclinal,,3715.32349935051
507,665,0.060775716802,Sinclinal,,6809.67205156465
508,666,0.0113199936616,Sinclinal,,1268.1532977713
509,667,0.0114557132408,Sinclinal,,1283.63011870104
510,668,0.0323597846628,Sinclinal con cabeceo,,3622.11128542902
511,669,0.0468292549984,Sinclinal con cabeceo,,5244.06826989417
512,670,0.0606503280008,Sinclinal,,6789.37362387718
513,671,0.0711955386534,Anticlinal,,7963.33941971134
514,672,0.047678193023,Sinclinal con cabeceo,,5336.10761730677
515,673,0.0402967931573,Sinclinal,,4516.10239637993
516,674,0.0984632452685,Anticlinal,,11026.0099496166
517,675,0.143983540166,Anticlinal,Anticlinal de Honduras,16111.330417286
518,676,0.0239436949836,Sinclinal,,2679.38746406702
519,677,0.122144415377,Sinclinal,,13665.7020939995
520,678,0.0813703193046,Sinclinal,,9115.13166830466
521,679,0.035713008481,Sinclinal,,3999.85913112754
522,680,0.0755995209606,Anticlinal,,8470.98325692736
523,681,0.187993801304,Sinclinal,Sinclinal de Simacota,21046.8093729187
524,682,0.123101051912,Anticlinal,,13777.4872851261
525,683,0.0395031295244,Sinclinal,,4424.66391546395
526,684,0.0295440236515,Sinclinal,,3309.22931306793
527,685,0.0906377544968,Sinclinal,,10138.8404591834
528,686,0.10280231596,Anticlinal,,11500.7927703325
529,687,0.013576463779,Sinclinal,,1517.56679121277
530,688,0.0272558331321,Sinclinal,,3049.43202592736
531,689,0.01399530518,Sinclinal,,1564.71229682777
532,690,0.0143021238619,Anticlinal,,1600.88267956924
533,691,0.020599544868,Anticlinal,,2303.71283259969
534,692,0.067617944585,Anticlinal,,7565.63210213022
535,693,0.0656770083379,Sinclinal,,7351.63715871278
536,694,0.0595540422397,Sinclinal,,6667.57184861478
537,695,0.0653264564332,Anticlinal,,7310.96182983541
538,696,0.0750064609976,Anticlinal,,8398.66825450599
539,697,0.0845295301763,Anticlinal,Anticlinal de Virolín,9457.06169939007
540,698,0.125211763208,Sinclinal,Sinclinal de Oiba,14007.0950686843
541,699,0.142370476846,Anticlinal,Anticlinal de Oiba,15916.7929851019
542,700,0.135044943213,Sinclinal,Sinclinal de Oiba,15111.9800703508
543,701,0.129108795756,Anticlinal,Anticlinal de Confines,14455.2837438153
544,702,0.14618332334,Anticlinal,Anticlinal de Cerro Negro,16363.5121126006
545,703,0.103385099435,Sinclinal,Sinclinal de Cincelada,11554.228709657
546,704,0.044902634052,Sinclinal,,5025.79838965098
547,705,0.110394311325,Sinclinal,Sinclinal de Chiletas,12369.7081901134
548,706,0.0786219269157,Sinclinal,Sinclinal de La Bricha,8806.16275534591
549,707,0.0223250125171,Anticlinal,,2500.22665065586
550,708,0.0494641598314,Anticlinal,,5538.4229147817
551,709,0.14187617142,Sinclinal,Sinclinal de Las Mercedes,15879.6428616066
552,710,0.137681518299,Sinclinal,,15427.6967343188
553,711,0.110352893129,Sinclinal,,12361.711398688
554,712,0.0558060811288,Sinclinal,Sinclinal de Carbonera,6255.00471285008
555,713,0.0152565347605,Sinclinal con cabeceo,,1711.80130922951
556,718,0.798667208066,Anticlinal,Anticlinal de Corozal,89424.1694215371
557,724,0.861768423295,Sinclinal,Sinclinal de Nunchía,96179.4048117608
558,731,0.142284891808,Anticlinal con cabeceo,,15856.7772099474
559,732,0.193953252195,Anticlinal con cabeceo,,21614.4950737965
560,733,0.196434361099,Anticlinal,,21937.6760693306
561,734,0.182973914855,Sinclinal,,20441.224702593
562,735,0.0599946760443,Anticlinal con cabeceo,,6703.4334296229
563,736,0.325018185209,Anticlinal con cabeceo,,36277.4447859052
564,737,0.0826287440056,Sinclinal,,9212.99674832862
565,738,0.12896675134,Anticlinal,,14384.4295234908
566,739,0.165280184526,Sinclinal,,18607.8394788382
567,743,0.114538443917,Sinclinal,,12866.1317003657
568,746,0.0338675863003,Sinclinal con cabeceo,,3792.07644587255
569,747,0.0140813740393,Anticlinal,,1576.90180612743
570,748,0.0258333858277,Sinclinal,,2891.96471513168
571,749,0.0514261245394,Anticlinal,,5758.94019881386
572,750,0.0776782563795,Anticlinal,Anticlinal de Chicamocha,8692.00737099317
573,751,0.0202080918372,Sinclinal,,2261.0186484982
574,752,0.0181939703157,Sinclinal,,2036.01547628894
575,753,0.017715094884,Anticlinal,,1981.87773579662
576,754,0.0727629501902,Sinclinal,,8139.57735370242
577,755,0.0280000809987,Sinclinal,Sinclinal de San Antonio,3130.17812787873
578,756,0.0755037407786,Anticlinal,,8447.68781206115
579,757,0.0565230408515,Anticlinal,,6325.59083269067
580,758,0.0432280465254,Anticlinal,,4837.94072980273
581,759,0.0443226441212,Sinclinal,Sinclinal de Picacho,4969.69904476115
582,760,0.0213303809743,Anticlinal con cabeceo,,2391.34356639885
583,761,0.0403226694181,Sinclinal,,4516.3313597793
584,762,0.073883647299,Sinclinal,,8264.98396399991
585,763,0.0678569223629,Sinclinal,,7597.12481931117
586,764,0.25022161289,Sinclinal,Sinclinal de Uruguay,28018.8293607561
587,765,0.0186835722541,Sinclinal,,2089.01995206192
588,766,0.0456255662944,Anticlinal con cabeceo,,5130.95565781343
589,782,0.0477354047406,Sinclinal,,5363.91703158027
590,787,0.0464997549661,Sinclinal,,5224.28383452207
591,788,0.0523189379396,Anticlinal,,5866.28433218307
592,790,0.67294367355,Anticlinal con cabeceo,Anticlinal de Arcabuco,75080.00406531
593,791,0.0675239891198,Sinclinal,Sinclinal de Los Medios,7523.81050726881
594,792,0.00892692828021,Anticlinal,,999.308796118311
595,793,0.0095565044994,Anticlinal,,1069.13537418192
596,794,0.0176009644626,Anticlinal,,1967.53125342212
597,795,0.0148776401442,Anticlinal,,1665.3332256059
598,796,0.0169625490406,Anticlinal,,1898.19983848712
599,797,0.0110236657874,Anticlinal,,1234.04518060212
600,798,0.0223630994473,Anticlinal,,2500.94635719007
601,799,0.0416466235789,Anticlinal,,4662.13989564864
602,800,0.0329982194379,Anticlinal,,3691.91642193318
603,801,0.05421526701,Anticlinal,,6069.53002489813
604,802,0.0756406201623,Anticlinal,,8464.24836083874
605,803,0.0279111972955,Anticlinal,,3124.80845390556
606,804,0.121144339121,Anticlinal,,13567.9489995733
607,805,0.0119810075425,Sinclinal,,1339.08125532638
608,806,0.0643421913208,Sinclinal,,7205.34046834199
609,807,0.0241632733124,Sinclinal,,2704.90179693267
610,808,0.0242339341764,Sinclinal,,2713.04418514554
611,809,0.00653698313924,Sinclinal,,731.200178078991
612,810,0.014268272146,Sinclinal,,1596.77424039649
613,811,0.0182157179681,Sinclinal,,2038.82011283143
614,812,0.0419574858114,Sinclinal,,4697.97331782914
615,813,0.0317402983503,Sinclinal,,3552.91001194114
616,814,0.0144868922439,Sinclinal,,1622.30268417058
617,815,0.0960347365244,Sinclinal,Sinclinal de Villa de Leiva,10724.5223766264
618,816,0.14678430926,Sinclinal,,16407.493805889
619,817,0.115747825738,Anticlinal,,12933.6545303718
620,818,0.0222073377682,Anticlinal,,2484.44540914661
621,819,0.0627659787866,Anticlinal,,7015.75748398285
622,820,0.0423548785939,Anticlinal,Anticlinal de Oiba,4733.17425548089
623,821,0.0758836905464,Anticlinal,Anticlinal de Oiba,8479.86177988614
624,822,0.164636311928,Anticlinal,Anticlinal de Chorrera,18383.4238688896
625,823,0.150256183312,Sinclinal,Sinclinal de El Pilar,16778.6906275373
626,825,0.0122530572185,Sinclinal,,1367.54728142041
627,826,0.0572319281483,Anticlinal,,6393.03701324736
628,827,0.0610692677013,Sinclinal,,6825.63257868892
629,828,0.229762634345,Anticlinal,Anticlinal de La Horqueta,25684.0741740076
630,829,0.0308283436164,Anticlinal,,3442.65269467648
631,830,0.202800074751,Anticlinal,Anticlinal de La Floresta,22668.6774255048
632,831,0.0160459214766,Sinclinal,,1792.89764048767
633,832,0.0254142421822,Sinclinal,Sinclinal de Picacho,2833.08685467258
634,833,0.0159065919737,Sinclinal,,1777.35641339573
635,834,0.0249458713698,Anticlinal,,2785.82963175173
636,836,0.185285906704,Anticlinal,Anticlinal de San Antonio,20714.2120023642
637,837,0.0858990534128,Sinclinal,,9593.14828835396
638,838,0.0417642041835,Sinclinal,,4659.67660612431
639,839,0.0335167902462,Anticlinal,,3744.03072379991
640,840,0.0389139141918,Anticlinal,,4332.30976651722
641,841,0.11064270906,Anticlinal,Anticlinal de Clavo Sur,12370.74142024
642,842,0.0576303411675,Sinclinal,Sinclinal de La Horqueta,6444.81036236215
643,843,0.0893834929969,Sinclinal volcado,Sinclinal de Betéitiva,9994.63081489728
644,844,0.0794423783396,Sinclinal,Sinclinal de Mesalta,8877.89995763591
645,845,0.0291034048954,Sinclinal,,3253.62639166308
646,846,0.0826987777961,Sinclinal,Sinclinal de La Horqueta,9246.92589209723
647,847,0.0302800002001,Anticlinal,,3388.21932015659
648,848,0.0347543097279,Anticlinal,Anticlinal de Oiba,3887.79409109639
649,849,0.0923751540505,Sinclinal,,10324.8449247292
650,850,0.042615910903,Anticlinal,Anticlinal de Oiba,4765.54152991615
651,851,0.102212563946,Sinclinal,,11404.8150741118
652,852,0.0726066968583,Sinclinal,,8113.90293256
653,853,0.103059288721,Sinclinal,Sinclinal El Boquerón,11506.13469423
654,854,0.0498877885772,Sinclinal,,5572.57333783863
655,855,0.0150386521551,Sinclinal,,1680.43626800781
656,856,0.263893811669,Sinclinal,Sinclinal de El Crisol,29476.939644042
657,857,0.0601674955488,Sinclinal,,6717.8556131376
658,858,0.0475807364524,Anticlinal,,5315.63649387625
659,859,0.22289454581,Anticlinal,Anticlinal de Santa Bárbara,24884.90962473
660,861,0.0654026391735,Sinclinal,,7303.23188335986
661,862,0.0295208600179,Sinclinal,,3298.03660349093
662,863,0.0388023997467,Sinclinal,,4342.11100484683
663,864,0.0928816881775,Anticlinal,Anticlinal de La Chapa,10387.220886767
664,865,0.0472377350856,Anticlinal,,5286.28103549669
665,866,0.0710073131631,Anticlinal,Anticlinal de Bisbita,7940.56943371341
666,867,0.0289778747597,Anticlinal,,3241.05060646741
667,868,0.0411032198316,Sinclinal,Sinclinal de Las Lajas,4597.83493724012
668,869,0.00828026735617,Sinclinal,,926.691932543096
669,870,0.0132507118481,Sinclinal,,1479.66473053797
670,871,0.0308711695132,Anticlinal,,3450.32832795895
671,872,0.0295042637909,Anticlinal,,3295.06947224685
672,873,0.0490638418321,Sinclinal,,5469.90631949223
673,874,0.0484020004917,Anticlinal,,5403.09172586936
674,875,0.0748424186115,Sinclinal,Sinclinal de La Media Luna,8343.80458119255
675,876,0.0241285817149,Sinclinal,,2687.51151051529
676,877,0.0392774422479,Sinclinal,,4374.98336636282
677,878,0.0418255536252,Sinclinal,,4662.7644949677
678,879,0.078724789322,Sinclinal,Sinclinal de Los Naranjos,8784.29652089667
679,880,0.046906659828,Sinclinal con cabeceo,Sinclinal de Gualanday,5233.26824699255
680,881,0.0486830627178,Anticlinal,Anticlinal de Gualanday,5432.69827838501
681,882,0.0485209652313,Anticlinal,,5412.79239623144
682,883,0.069952807003,Sinclinal,,7801.52276644872
683,884,0.063599328705,Anticlinal,,7094.5632983497
684,885,0.0272582715853,Anticlinal,,3041.67910072877
685,886,0.0626609784476,Anticlinal,Anticlinal de El Caracol,6989.21862833917
686,887,0.0461800132002,Anticlinal,,5149.01465580314
687,888,0.0659523282017,Sinclinal,,7360.79950956213
688,889,0.0279365357048,Anticlinal,,3116.84070594499
689,890,0.0329487632711,Anticlinal,,3673.61396844846
690,891,0.0245397141436,Sinclinal,,2736.14089084415
691,892,0.0644676115486,Sinclinal,,7189.86662268772
692,893,0.0985959095272,Anticlinal,Anticlinal de Contreras,10995.2963288852
693,894,0.0438908133871,Sinclinal,Sinclinal de La Aguada,4896.9949109434
694,895,0.0292969398743,Anticlinal,Anticlinal de El Sapo,3269.55753098692
695,896,0.0732798427034,Sinclinal,Sinclinal de El Muan,8172.89700862345
696,897,0.0535528585006,Anticlinal,Anticlinal de San Antonio,5973.23203617015
697,898,0.0700657447214,Anticlinal,Anticlinal de Chicuambe,7812.10728771362
698,900,0.191647123957,Sinclinal,Sinclinal de Carmen de Apicalá,21383.3666608195
699,901,0.0646428903696,Anticlinal,Anticlinal de San Pablo,7207.64679101634
700,902,0.16741628488,Sinclinal cubierto,Sinclinal de Purificación,18671.2287322221
701,903,0.042480795793,Anticlinal volcado,,4738.16313652702
702,904,0.195530354927,Anticlinal volcado,,21804.9095716364
703,905,0.0753881448833,Anticlinal,Anticlinal de Clavo Sur,8416.54289779894
704,906,0.0914810088601,Anticlinal volcado,,10207.6756482212
705,907,0.206569885641,Anticlinal,Anticlinal de Altagracia,23024.4879640214
706,908,0.056496491295,Anticlinal,,6293.50335315688
707,909,0.210551056527,Sinclinal,Sinclinal de San Andrés,23469.8962250335
708,910,0.190745086873,Anticlinal,Anticlinal de San Pedro,21260.6338830854
709,911,0.0639693309416,Sinclinal,,7135.27458811593
710,912,0.154705029982,Sinclinal volcado,Sinclinal de Río Negro,17243.6526971631
711,913,0.093715700861,Anticlinal volcado con cabeceo,,10442.604702676
712,914,0.149406744184,Sinclinal,Sinclinal de Colombia,16654.0936580358
713,915,0.224757429966,Sinclinal,Sinclinal de Colombia,25050.537307028
714,916,0.0761640762004,Anticlinal,Anticlinal de Pocharco,8489.48069952125
715,917,0.154044715235,Sinclinal,Sinclinal de Colombia,17161.8397478862
716,918,0.0689620937583,Anticlinal,,7684.57248206527
717,919,0.0887944828719,Anticlinal,,9899.12024002783
718,920,0.129970870982,Anticlinal,,14490.4905839187
719,921,0.0558680316739,Sinclinal,Sinclinal de El Paujil,6229.28421217149
720,922,0.0535702110891,Anticlinal,,5972.36008955592
721,923,0.152629781869,Sinclinal,Sinclinal de La Cabaña,17009.2312982257
722,924,0.0890889021968,Sinclinal,Sinclinal de San Agustín,9932.98039492346
723,925,0.0355781572698,Anticlinal,,3964.18813171958
724,926,0.0814357145479,Sinclinal,Sinclinal de Potrero Grande,9079.01828669418
725,927,0.158208144124,Sinclinal,Sinclinal de Begonia,17630.2723146595
726,928,0.0526564212564,Sinclinal,,5870.9029955637
727,929,0.085800226683,Anticlinal,,9565.04971101755
728,930,0.0604983423187,Anticlinal,Anticlinal de Guacharacos,6741.43641404747
729,931,0.0320263851312,Sinclinal,,3570.17843429935
730,932,0.0483541106692,Sinclinal,,5388.961598422
731,933,0.0436540670476,Anticlinal,Anticlinal de Ambicá,4864.16207337254
732,934,0.0765269741235,Sinclinal,Sinclinal de San Antonio,8528.29800100865
733,936,0.0965786601637,Sinclinal,,10758.4579928026
734,937,0.0916676318995,Anticlinal,Anticlinal de Guagua,10210.1091918256
735,938,0.0972831672575,Anticlinal,Anticlinal de El Indio,10842.2852610379
736,939,0.288993085927,Sinclinal,Sinclinal de Ataco,32219.678550376
737,940,0.115879818088,Sinclinal,Sinclinal de La Calera,12922.4323441573
738,941,0.359508527842,Sinclinal,,40096.3426967179
739,942,0.0578809996712,Anticlinal,,6455.54742070399
740,943,0.102986225777,Anticlinal,,11485.6132527832
741,944,0.0334255383852,Anticlinal,,3728.52215489706
742,945,0.124622795722,Sinclinal volcado,,13894.374727376
743,946,0.162513031742,Anticlinal,,18116.9715325039
744,947,0.0677378940413,Anticlinal,,7553.01704680864
745,948,0.0390211826372,Sinclinal,,4352.79945903132
746,949,0.0471573749774,Anticlinal,,5261.91195598883
747,950,0.036292319501,Anticlinal,,4049.8221964903
748,951,0.0449499266682,Sinclinal,,5014.75387603017
749,952,0.0549653790254,Sinclinal,,6132.47253984041
750,953,0.0413601633656,Anticlinal,,4610.17345246693
751,954,0.0442344589002,Sinclinal,,4934.29627381354
752,955,0.0419821067233,Sinclinal,,4684.03019663447
753,956,0.0474616827865,Sinclinal,,5293.72157355302
754,957,0.0303949209359,Sinclinal,,3391.92429152477
755,958,0.0489174353356,Anticlinal,,5459.47297439752
756,959,0.0532841308901,Sinclinal,,5943.81013498357
757,960,0.0580519483158,Anticlinal,,6476.43547892829
758,961,0.0252163870262,Sinclinal,,2810.01387230024
759,962,0.0658677455728,Sinclinal,Sinclinal de San Juan,7348.90524977966
760,963,0.0593908462427,Sinclinal,,6623.14488740111
761,964,0.0929636477916,Anticlinal,Anticlinal de El Brasil,10371.0765271403
762,975,0.247679743589,Sinclinal,Sinclinal de Sumapaz,27620.7683937873
763,985,0.192989315098,Anticlinal,Anticlinal de Chámeza,21544.7180736993
764,986,0.0873888430691,Sinclinal,,9747.00826577645
765,1000,0.0281982182229,Anticlinal,,3148.83287051892
766,1024,0.0296444409009,Anticlinal,,3308.57906057547
767,1025,0.0206500664478,Sinclinal,,2302.28657236442
768,1026,0.0354467705411,Sinclinal,,3951.80521695094
769,1027,0.618117929196,Anticlinal,Anticlinal de Río Blanco-Machetá,68980.9743392822
770,1028,0.117116151314,Sinclinal,Sinclinal de Checua,13062.8171268948
771,1029,0.204986397618,Sinclinal,Sinclinal de Sesquilé,22885.1978588987
772,1033,0.393636360417,Sinclinal,Sinclinal de Siecha-Sisga,43922.5904119393
773,1041,0.363042856479,Sinclinal,Sinclinal de Teusacá,40528.6279879602
774,1042,0.000167948254085,Sinclinal con cabeceo,,18.7562027355996
775,1043,0.137750942471,Sinclinal,Sinclinal de Sesquilé,15367.1127985887
776,1049,0.00901980926053,Sinclinal cubierto,,1006.6566656079
777,1050,0.0454624135573,Anticlinal,,5071.65874384134
778,1051,0.0846379648858,Anticlinal,,9453.29237370309
779,1052,0.0405038175512,Anticlinal,,4523.53998686932
780,1053,0.0484526517192,Anticlinal,,5410.88670724552
781,1054,0.0511994215773,Anticlinal,,5718.20781402346
782,1055,0.0269468940366,Anticlinal,,3008.77689562059
783,1056,0.0885678363072,Sinclinal,,9888.46484897956
784,1057,0.073140880667,Sinclinal,,8171.33156371013
785,1058,0.0795253042233,Sinclinal,,8879.74602573528
786,1273,0.0675785506797,Anticlinal,,7559.38823284574
787,1274,0.0529359732978,Anticlinal,,5914.71931608713
788,1277,0.0485757097489,Anticlinal,,5425.56046536261
789,1278,0.205586049546,Anticlinal,Anticlinal de Landázuri,22985.2603759753
790,1279,0.0768438389507,Anticlinal,,8589.79307162223
791,1288,0.0896878976647,Anticlinal,,10031.9224005088
792,1292,0.0660249772887,Anticlinal,,7376.41537876895
793,1297,0.0310471096937,Anticlinal,,3471.46125794567
794,1299,1.28573443584,Anticlinal,Anticlinal de Los Cobardes,143977.966403086
795,1300,0.104188153453,Anticlinal,Anticlinal de Los Medios,11645.2965770025
796,1301,0.160259159312,Anticlinal,Anticlinal de Los Portones,17888.8568508251
797,1306,0.140141014063,Anticlinal,,15665.8705991118
798,1310,0.0372362806567,Sinclinal,,4167.64034991685
799,1316,0.0811287688802,Sinclinal,,9070.11015215289
800,1320,0.0267317116081,Sinclinal,,2987.26666002537
801,1323,0.0820129305738,Sinclinal,,9159.80485014773
802,1324,0.0512861099214,Sinclinal,,5731.87805463256
803,1327,0.0862945505616,Sinclinal,,9640.55880160271
804,1331,0.141240673465,Sinclinal,,15783.560664573
805,1333,0.250472364997,Sinclinal,Sinclinal de Armas,27999.7661000702
806,1335,0.222502517433,Sinclinal,,24877.5952022579
807,1341,0.429916851874,Sinclinal,Sinclinal de Vélez,48099.5134911831
808,1344,0.128807042239,Sinclinal,,14398.2629787686
809,1347,0.106004295307,Sinclinal,Sinclinal de Panamá,11853.1671209778
810,1352,0.172045544918,Sinclinal,Sinclinal del Ermitaño,19235.2856144949
811,1354,0.214326503643,Sinclinal,,23987.8576755469
812,1355,0.143030814599,Sinclinal,,15969.8586139304
813,1356,0.0449068527735,Sinclinal,,5015.70322470521
814,1360,0.138292238552,Anticlinal,Anticlinal de La Corcovada,15461.5985245496
815,1361,0.0606156383297,Anticlinal,,6772.02244341203
816,1362,0.329765317579,Anticlinal,Anticlinal de San Fernando,36834.0714417854
817,1363,0.0732004291446,Anticlinal,,8164.94047023391
818,1365,0.0411586311404,Sinclinal,,4597.55548857175
819,1368,0.554038756702,Sinclinal,Sinclinal de Peña de Oro,62084.7120626556
820,1369,0.0442771949194,Sinclinal,,4941.4909190186
821,1370,0.0482142788604,Sinclinal,,5397.79031607916
822,1371,0.0192470978014,Sinclinal,,2152.91330283114
823,1372,0.107990033789,Sinclinal,,12103.8583373417
824,1373,0.179750619772,Sinclinal,,20123.4377499577
825,1374,0.0787517700699,Anticlinal,Anticlinal de Aragua,8779.67257966237
826,1375,0.14349186509,Anticlinal,Anticlinal de Honduras,16039.208866271
827,1376,0.0835738202988,Anticlinal,,9345.75360410486
828,1378,0.272173191913,Anticlinal con cabeceo,Anticlinal de Opón,30449.4422296469
829,1379,0.170875107835,Anticlinal,Anticlinal del Carmen,19116.8555660948
830,1380,0.0219569661851,Anticlinal,,2457.19083221295
831,1383,0.0341180333271,Sinclinal,,3823.36422058577
832,1384,0.042228925741,Sinclinal,,4733.86870752971
833,1392,0.278534380528,Sinclinal,Sinclinal de Andes,31195.0715180967
834,1394,0.0333000847529,Sinclinal,,3732.13793466531
835,1395,0.0393994891489,Anticlinal,,4414.47787187174
836,1397,0.0464696130913,Anticlinal,,5208.29333608444
837,1398,0.0508117597687,Anticlinal,,5696.24600569235
838,1404,0.376563289285,Anticlinal,Anticlinal de San Luis,42205.1606277915
839,1412,0.192686704124,Anticlinal,Anticlinal de San Fernando,21530.2428791382
840,1414,0.122884315674,Anticlinal,Anticlinal de Mugrosa,13765.9876747931
841,1417,0.0881123979665,Anticlinal,Anticlinal de Manizales,9828.019046667
842,1419,0.249632615336,Anticlinal con cabeceo,Anticlinal de Miralindo,27842.9751687135
843,1421,0.182586680183,Anticlinal,,20365.3056989564
844,1423,0.181282545117,Anticlinal,Anticlinal de Úmbita,20247.0229363908
845,1428,0.0948180059625,Anticlinal,,10574.3075239676
846,1429,0.0958433685227,Anticlinal,Anticlinal de El Escobar,10689.5804390569
847,1436,0.070165531482,Anticlinal con cabeceo,Anticlinal de Montecristo,7821.97486252483
848,1454,0.0425701359095,Anticlinal,,4746.64407100532
849,1484,0.191884844436,Sinclinal,,21408.0070191075
850,1485,0.120768846719,Anticlinal con doble cabeceo,,13469.9889055595
851,1486,0.0227312431553,Anticlinal con cabeceo,,2536.32633717896
852,1487,0.0219677208906,Anticlinal con cabeceo,,2451.09172068968
853,1488,0.0253155615629,Anticlinal con cabeceo,,2825.13325570204
854,1490,0.0306445742141,Sinclinal,,3419.88020425342
855,1491,0.0105625138086,Sinclinal,,1178.88988428073
856,1492,0.124757612937,Anticlinal,Anticlinal de Los Cáquezas,13917.7676416046
857,1493,0.0473880713024,Anticlinal,Anticlinal de Los Cáquezas,5287.71996681865
858,1494,0.103259788969,Sinclinal con cabeceo,,11520.1033557663
859,1495,0.0924871972575,Anticlinal,,10317.0641497664
860,1496,0.030785509937,Anticlinal,,3433.12031611487
861,1498,0.450093302214,Sinclinal,Sinclinal de San Bernardo,50213.4630946555
862,1499,0.115570233219,Anticlinal con cabeceo,,12891.3961269049
863,1500,0.0382873921786,Anticlinal,,4271.27693566023
864,1501,0.0491611860296,Anticlinal,,5485.55312470222
865,1502,0.0725691495132,Anticlinal,,8095.65933798639
866,1503,0.0780278023692,Sinclinal,,8706.8585073484
867,1504,0.0165926466949,Sinclinal,,1850.35267453578
868,1505,0.0926692705947,Sinclinal,Sinclinal de Icononzo,10342.5171315783
869,1509,0.0175054994782,Anticlinal con flancos invertidos,,1954.00420157039
870,1511,0.0387122560464,Anticlinal,,4319.64170865309
871,1512,0.154923060047,Sinclinal,,17283.9859518933
872,1513,0.0571468750257,Anticlinal con cabeceo,,6377.48447035436
873,1514,0.366156642436,Sinclinal,,40867.1751495047
874,1516,0.0325254893683,Sinclinal,,3629.6462285774
875,1517,0.0179039303258,Sinclinal,,1997.98770514561
876,1520,0.133666663542,Anticlinal,,14919.1871036044
877,1521,0.172888400629,Sinclinal,,19290.5198929174
878,1526,0.0661940182121,Anticlinal con cabeceo,,7383.33131397483
879,1528,0.0681719767905,Anticlinal con flancos invertidos,,7604.82414813202
880,1529,0.014850573531,Anticlinal con flancos invertidos,,1655.22125080296
881,1530,0.0266069153642,Sinclinal,,2968.78768908525
882,1531,0.0309647194284,Anticlinal,,3456.60132736493
883,1532,0.0950436089735,Anticlinal con cabeceo,,10604.5506968135
884,1533,0.0663715915631,Sinclinal,,7403.28544343959
885,1535,0.0423193881833,Anticlinal con doble cabeceo,,4724.80476929132
886,1536,0.0175485515214,Anticlinal con cabeceo,,1958.89090689371
887,1537,0.0237860672033,Anticlinal,,2655.50779520146
888,1538,0.0252776637492,Anticlinal con cabeceo,,2822.17087961994
889,1539,0.0338491753619,Anticlinal con cabeceo,,3773.16017091669
890,1540,0.0278562826316,Anticlinal con cabeceo,,3110.03112529799
891,1541,0.0185419016691,Anticlinal con cabeceo,,2070.51822800032
892,1542,0.0409573436984,Sinclinal,,4572.30042350032
893,1543,0.0319851365241,Sinclinal,,3564.80738847791
894,1544,0.0288582852051,Anticlinal,,3220.25507459999
895,1545,0.0139095028155,Anticlinal,,1551.76941658213
896,1546,0.0110428844289,Anticlinal,,1232.29441009318
897,1547,0.0316235306428,Anticlinal,,3528.51635969553
898,1548,0.0903677066713,Anticlinal,,10083.9925580177
899,1549,0.0740159480738,Anticlinal,,8273.33738387161
900,1550,0.0370139913109,Sinclinal,,4138.03759042249
901,1551,0.0543215849822,Anticlinal volcado,,6054.4403055648
902,1552,0.0355523384499,Sinclinal,,3960.51850494543
903,1553,0.0337010347686,Anticlinal volcado,,3751.86889580596
904,1554,0.0260232177812,Anticlinal volcado con cabeceo,,2898.00319421258
905,1555,0.00782089870943,Anticlinal volcado,,870.681902142612
906,1556,0.00838379539286,Anticlinal volcado,,933.351236857945
907,1557,0.00888672704447,Anticlinal volcado,,989.353676333898
908,1558,0.0052440927774,Anticlinal volcado,,586.406160598293
909,1559,0.0157195127044,Anticlinal volcado,,1754.59297301269
910,1560,0.0078044395704,Anticlinal volcado,,871.951600407248
911,1562,0.0275084227877,Anticlinal volcado,,3069.87658224112
912,1563,0.0198979028951,Anticlinal volcado,,2216.66383241948
913,1564,0.0182557205232,Anticlinal volcado,,2037.69792532165
914,1567,0.0105126413993,Anticlinal,,1178.14113224718
915,1568,0.0131229982003,Anticlinal,,1468.54473105886
916,1579,0.154408935755,Anticlinal,Anticlinal de Simití,17320.7456582868
917,1580,0.120251324982,Anticlinal,,13489.2829333312
918,1581,0.0705818731847,Anticlinal,Anticlinal de Majayura,7865.7427512587
919,1582,0.0280471334872,Anticlinal,Anticlinal del Cerrejón,3149.22211117779
920,1585,0.176696297698,Sinclinal,Sinclinal de Majayura,19771.3547041796
921,1593,0.188030908929,Sinclinal,Sinclinal de Sueva,20997.5789760036
922,1594,0.165290299554,Anticlinal,Anticlinal de Chingaza,18460.8620879284
923,1595,0.223689321718,Sinclinal,Sinclinal de Terama,24966.7647417073
924,1596,0.199295932813,Sinclinal,Sinclinal del Quince,22245.6128889707
925,1597,0.0967182579929,Anticlinal con doble cabeceo,,10798.3216111815
926,1598,0.228690169599,Sinclinal,Sinclinal de Suesca-Teusacá,25546.1952036361
927,1599,0.112278217988,Anticlinal,,12540.1535665495
928,1600,0.0784744922404,Anticlinal,Anticlinal de Bogotá,8765.35536166547
929,1601,0.0259699749005,Anticlinal,,2900.30119813528
930,1602,0.108736836273,Sinclinal,Sinclinal de Siecha,12131.7502349769
931,1604,0.177516060533,Anticlinal,Anticlinal Peña El Figaro,19801.1415012727
932,1605,0.0425038342682,Anticlinal,Anticlinal Peña El Figaro,4747.49334141665
933,1608,0.0512695105235,Anticlinal,,5719.83442189984
934,1610,0.0811890781111,Anticlinal,Anticlinal del Río Farallones,9062.82242149079
935,1612,0.0386543492432,Sinclinal,,4312.42725016238
936,1614,0.251339409819,Sinclinal,Sinclinal de Claraval,28045.4867702388
937,1615,0.0224822442596,Anticlinal,,2503.37477126688
938,1618,0.294418811811,Anticlinal con cabeceo,Anticlinal de Páez,32834.9159832754
939,1620,0.437537516782,Sinclinal con doble cabeceo,Sinclinal de Almeida-Mama Pacha,48853.857736639
940,1624,0.107378338506,Anticlinal con cabeceo,Anticlinal de Campo Hermoso,11977.2582223049
941,1627,0.327908854654,Sinclinal,Sinclinal de Úmbita,36561.2432562826
942,1629,0.0689374130807,Sinclinal,,7686.60338756054
943,1630,0.0824946371675,Anticlinal con cabeceo,,9202.7829113926
944,1631,0.0639673593637,Sinclinal con cabeceo,,7134.88393607582
945,1632,0.15625373751,Anticlinal con cabeceo,Anticlinal de Tibirita,17424.2188908542
946,1633,0.178536037994,Anticlinal con cabeceo,Anticlinal de Guateque,19917.7389517881
947,1634,0.257947369922,Anticlinal con cabeceo,Anticlinal de Garagoa,28805.5321343306
948,1635,0.075104106859,Sinclinal,Sinclinal de Pachavita,8373.09997757648
949,1636,0.0764072257721,Sinclinal,Sinclinal de Pachavita,8527.31056609872
950,1637,0.0328528336418,Sinclinal,,3668.92088523461
951,1638,0.0406156626443,Anticlinal,,4535.63705175619
952,1639,0.114253155789,Anticlinal con cabeceo,,12752.6988486747
953,1640,0.0574799596492,Sinclinal con cabeceo,,6416.00397561324
954,1641,0.0667241784826,Anticlinal,,7446.142402302
955,1642,0.0622631606254,Anticlinal,,6944.49855249722
956,1643,0.0662021094475,Sinclinal,,7383.644081832
957,1647,0.119288108045,Sinclinal,,13309.77933531
958,1648,0.12923338596,Anticlinal con doble cabeceo,Anticlinal de Berbeo,14411.3942485511
959,1649,0.124174644616,Anticlinal con cabeceo,Anticlinal de Zetaquira,13863.0106450913
960,1651,0.047472289039,Sinclinal,,5299.85240348531
961,1652,0.0137015175894,Anticlinal,,1528.60923361531
962,1653,0.0443997196195,Sinclinal,Sinclinal de Chinata,4956.30690821027
963,1654,0.0786408541768,Sinclinal,Sinclinal de Chinata,8772.62499266142
964,1655,0.0786391835727,Anticlinal,,8798.86095261796
965,1657,0.095619166219,Sinclinal,,10680.0661863653
966,1659,0.272662859253,Anticlinal,Anticlinal del Ermitaño,30500.2282967081
967,1660,0.431458646254,Sinclinal,Sinclinal del Río Minero,48245.4861580037
968,1663,0.166094649893,Anticlinal,,18563.1414969097
969,1664,0.143171732259,Sinclinal,Sinclinal del Río Pescadero,16001.9729578155
970,1666,0.125506639704,Sinclinal,Sinclinal de Otanche,14029.5729324639
971,1667,0.198635550484,Anticlinal,Anticlinal de Nazareth,22176.8435116403
972,1668,0.0912052733231,Anticlinal,,10179.3134366025
973,1669,0.383465680571,Sinclinal,Sinclinal del Alto de Ruedas,42833.9491111515
974,1670,0.193931833324,Sinclinal,Sinclinal de Llano Mateo,21668.9957161039
975,1671,0.212252202043,Sinclinal,Sinclinal de Terán,23702.4056752447
976,1672,0.0712114835794,Anticlinal,,7948.71376800786
977,1673,0.125744536368,Anticlinal,,14020.3789209024
978,1675,0.202643327079,Sinclinal,Sinclinal de Santa Helena,22647.7912822366
979,1676,0.0699194503263,Sinclinal,Sinclinal de Nacopay,7811.2656067978
980,1677,0.0886832865874,Anticlinal,Anticlinal de Guacharacas,9899.05443278965
981,1678,0.148332090648,Sinclinal,Sinclinal de San Pedro,16569.0870401612
982,1679,0.0753904453669,Anticlinal,Anticlinal de La Osa,8426.76045464244
983,1684,0.0926084667578,Sinclinal,Sinclinal de San Pedro,10349.5799088582
984,1685,0.0360046923658,Anticlinal,,4024.09058582938
985,1686,0.104471723184,Sinclinal,,11674.6741947725
986,1687,0.0642315936544,Sinclinal,,7179.21300813241
987,1688,0.100181532366,Sinclinal,Sinclinal de Yacopí,11198.2121324629
988,1689,0.0786384247253,Sinclinal,,8780.41188591367
989,1692,0.0806513661894,Sinclinal,,9016.68192063338
990,1693,0.135800195409,Sinclinal,Sinclinal de Guadualito,15177.1334742108
991,1694,0.214860052552,Anticlinal,Anticlinal de Churupaco,23997.710799515
992,1695,0.0979473813189,Anticlinal,Anticlinal de Coscuez,10933.6969114915
993,1698,0.295764834637,Sinclinal,Sinclinal de Paime-Muzo,33045.1537270002
994,1700,0.128538549118,Anticlinal,Anticlinal de Tudela,14367.5443909719
995,1702,0.150638732983,Sinclinal,Sinclinal de Almendra,16837.4580050625
996,1703,0.076256759156,Sinclinal,,8513.93931200647
997,1704,0.0840177882872,Anticlinal con cabeceo,Anticlinal de Paime,9382.65707856525
998,1705,0.0449057047574,Sinclinal,,5017.49131744314
999,1708,0.0673107103053,Anticlinal,,7559.10246568863
1000,1709,0.0692998516141,Sinclinal,,7780.79843486716
1001,1710,0.0918063404445,Anticlinal con cabeceo,Anticlinal del Sudán,10317.210326674
1002,1719,0.0238968414989,Anticlinal,,2685.32040969214
1003,1724,0.0857218103199,Anticlinal,,9554.14375403784
1004,1725,0.178137638852,Sinclinal,,19838.1774265695
1005,1728,0.102651858281,Anticlinal,,11438.5964847816
1006,1731,0.0986344704338,Anticlinal,Anticlinal de Furatena,11027.1596799946
1007,1733,0.563143184987,Sinclinal,Sinclinal de Prado,62775.6246636015
1008,1734,0.0398199421921,Sinclinal,,4443.43422375932
1009,1735,0.165962705755,Anticlinal,Anticlinal de Toquiza,18508.8686787314
1010,1740,0.0661869104146,Anticlinal,,7486.94956065967
1011,1745,0.0802026420511,Anticlinal con cabeceo,Anticlinal de Panorama,9072.27514724651
1012,1746,0.0437706396966,Sinclinal,Sinclinal de Panorama,4958.36254086308
1013,1748,0.0390276107264,Anticlinal con cabeceo,Anticlinal de La Esmeralda,4404.70792253605
1014,1749,0.050238133825,Anticlinal,Anticlinal de Mamarongo,5660.10319058915
1015,1751,0.082671774834,Anticlinal,Anticlinal de Capuchino,9298.39489263709
1016,1752,0.0401855373555,Sinclinal con cabeceo,Sinclinal del Capuchino,4537.66274113828
1017,1753,0.09192459568,Anticlinal,Anticlinal del Cortijo,10338.8450571774
1018,1754,0.035178528387,Sinclinal,Sinclinal de El Espíritu,3935.63199012783
1019,1756,0.0653424239079,Sinclinal,Sinclinal de El Espíritu,7346.23289327984
1020,1757,0.0544176931185,Sinclinal,,6082.27503640065
1021,1758,0.0636225370149,Sinclinal,,7135.78235083188
1022,1761,0.146160545689,Sinclinal con cabeceo,Sinclinal de Guadualito,16380.7589455362
1023,1763,0.0451024974303,Sinclinal,,5087.02308803471
1024,1764,0.095992150283,Anticlinal con cabeceo,Anticlinal de Santa Rosa,10822.5580481816
1025,1766,0.0754848753329,Anticlinal con cabeceo,Anticlinal de Santa Rosa,8469.07328526229
1026,1767,0.115061160248,Anticlinal con doble cabeceo,,13007.2562920073
1027,1769,0.031773535967,Anticlinal,,3592.98584747504
1028,1770,0.0357659690548,Sinclinal,,4045.77177827962
1029,1771,0.0375665816696,Anticlinal,,4242.15090506687
1030,1773,0.0245388798651,Sinclinal,,2752.09177343551
1031,1774,0.0206103054379,Anticlinal con doble cabeceo,,2323.37946089801
1032,1775,0.0412494228321,Sinclinal,,4650.02218896171
1033,1776,0.0507268452125,Anticlinal,,5697.83369194637
1034,1777,0.0326158040057,Sinclinal con cabeceo,,3645.90613979614
1035,1781,0.0304308031434,Sinclinal,Sinclinal de Babilonia,3415.47946241955
1036,1782,0.0414702627191,Sinclinal,,4632.91054918021
1037,1783,0.115598929473,Anticlinal,,12943.3157074664
1038,1784,0.13971796779,Sinclinal con cabeceo,Sinclinal de Nuevo Mundo,15666.6374873307
1039,1785,0.304195102856,Sinclinal con cabeceo,Sinclinal de Nuevo Mundo,34095.9821473202
1040,1786,0.0260638982706,Anticlinal,Anticlinal de Becerril,2925.97982832448
1041,1787,0.0372099735404,Sinclinal,Sinclinal de Marimonda,4185.69307536756
1042,1790,0.0326185104414,Anticlinal,Anticlinal de Marimonda,3663.20242831584
1043,1791,0.0281471289318,Anticlinal,,3159.03932088066
1044,1792,0.0355928291288,Anticlinal,,3991.79938846109
1045,1793,0.0252901083072,Sinclinal,,2840.25827236046
1046,1794,0.0299793615992,Sinclinal,,3376.93380967718
1047,1795,0.0114786551449,Sinclinal,,1291.52677459816
1048,1797,0.0253430790557,Anticlinal,,2850.78778838162
1049,1798,0.0183346089177,Sinclinal,,2059.20654917189
1050,1799,0.0171317982183,Sinclinal,,1932.43889920109
1051,1800,0.0186813936631,Anticlinal,Anticlinal de Verdesia,2087.15201510336
1052,1801,0.182271696006,Anticlinal,Anticlinal de Petrolera,20501.2084685842
1053,1802,0.145295094775,Anticlinal cubierto,,16306.0615995571
1054,1803,0.0532806106502,Sinclinal,Sinclinal de Caño Ramón,6004.00404470071
1055,1804,0.0828680189018,Anticlinal,Anticlinal de Río de Oro,9336.65577131534
1056,1805,0.306078139258,Anticlinal,Anticinal de Socuavo,34409.0784398047
1057,1806,0.214118079282,Sinclinal,Sinclinal de Socuavo,24106.9423813932
1058,1807,0.333441867178,Sinclinal,Sinclinal de Sardinata,37503.9094739452
1059,1808,0.320796765591,Sinclinal,Sinclinal de Agua Linda,36069.7575610742
1060,1809,0.294564310196,Anticlinal con cabeceo,Anticlinal de La Esperanza,33099.6310411438
1061,1810,0.0924112224085,Sinclinal,Sinclinal de Cerro Gordo,10366.9875372067
1062,1811,0.0734222413979,Sinclinal,,8245.09287038875
1063,1812,0.0963849547346,Anticlinal,Anticlinal de Los Compadres,10809.4505292948
1064,1813,0.391581712379,Sinclinal,Sinclinal de Zulia,43946.6644154426
1065,1814,0.0934215524127,Sinclinal,Sinclinal de Trompillo,10498.9776088797
1066,1815,0.0948905994721,Anticlinal,Anticlinal de González,10672.0282766883
1067,1816,0.206810134805,Sinclinal cubierto,,23189.2831205523
1068,1818,0.0534782235911,Anticlinal con cabeceo,Anticlinal de Floresta,6000.95996502528
1069,1819,0.0172031465606,Anticlinal,,1933.21074868031
1070,1820,0.0931622205019,Sinclinal,Sinclinal de Pamplonita,10467.371224724
1071,1821,0.0915248010066,Anticlinal,Anticlinal de Tasajero,10249.206519193
1072,1822,0.0592629367933,Sinclinal con cabeceo,Sinclinal de Cúcuta,6631.53267168771
1073,1823,0.187176908915,Anticlinal con cabeceo,Anticlinal de Mucurera,20995.5900240345
1074,1824,0.167322935027,Sinclinal con cabeceo,Sincilinal de Oripaya,18776.3741551215
1075,1825,0.0259054511843,Anticlinal,,2900.08125571218
1076,1826,0.0343021651641,Anticlinal,,3840.82068530856
1077,1827,0.0240942752252,Anticlinal,,2699.88623702673
1078,1828,0.0136629832556,Anticlinal,Anticlinal de Ricaurte,1528.47692196198
1079,1829,0.0933554324115,Anticlinal cubierto,Anticlinal de Sardinata,10503.9291849609
1080,1830,0.0381924013517,Anticlinal,Anticlinal de Sardinata,4297.54279032965
1081,1831,0.0296458946044,Anticlinal,,3303.82595827957
1082,1832,0.0831425428743,Sinclinal,Sinclinal de Tribolí,9265.91612230128
1083,1833,0.0279637800359,Anticlinal,,3114.95556054641
1084,1834,0.015757625393,Anticlinal,,1756.04256150108
1085,1835,0.191513752821,Sinclinal,Sinclinal de la Gritería,21346.667254135
1086,1836,0.230750841624,Sinclinal,Sinclinal de Peñas,25705.5647270925
1087,1837,0.0938033302843,Anticlinal,Anticlinal de La Uribe,10449.1221688437
1088,1838,0.384249126383,Anticlinal,Anticlinal de La Negra,42846.1646110724
1089,1839,0.205069441859,Anticlinal,,22846.9671964046
1090,1840,0.33306107543,Sinclinal volcado,Sinclinal de Nazareth,37183.110570107
1091,1842,0.330613095554,Sinclinal,Sinclinal de Nazareth,36879.4969987124
1092,1843,0.358880038603,Anticlinal con cabeceo,Anticlinal del Guavio,40042.1871274627
1093,1845,0.0802757151443,Sinclinal,,8955.92465723919
1094,1846,0.154696133134,Sinclinal,Sinclinal de Santa Rosa,17260.8446522637
1095,1848,0.168671791486,Anticlinal con cabeceo,Anticlinal de Montecristo,18820.957092087
1096,1849,0.0346573056424,Sinclinal,,3868.88383648832
1097,1850,0.0888797969813,Sinclinal,,9909.00934919017
1098,1851,0.10745764272,Sinclinal,,12060.7398867415
1099,1852,0.143813338071,Sinclinal,Sinclinal de Ventura,16105.9363705108
1100,1853,0.181923982005,Sinclinal,Sinclinal de Cruz Grande,20380.4528736511
1101,1854,0.108135396528,Sinclinal,Sinclinal de Tierralta,12139.6586191561
1102,1855,0.797747233051,Sinclinal,Sinclinal de Nuevo Paraiso,89545.7423744298
1103,1856,0.103847698346,Anticlinal con doble cabeceo,Anticlinal de Dos Bocas,11661.0397226838
1104,1857,0.131456835901,Sinclinal,,14767.5176253995
1105,1858,0.0590871274089,Anticlinal,Anticlinal de La Palma,6640.6250716929
1106,1859,0.383646453378,Anticlinal,Anticlinal de Nuevo Paraíso,43097.6571205059
1107,1860,0.359389480946,Sinclinal,,40403.8003909919
1108,1861,0.0849262283345,Sinclinal,Sinclinal de Coquital,9547.72541171925
1109,1864,0.0511874331188,Sinclinal,Sinclinal de Cerro Mocho,5739.50579504406
1110,1865,0.155684843396,Sinclinal,,17484.4180481563
1111,1866,0.130065037066,Anticlinal con cabeceo,,14611.0278670349
1112,1867,0.114178960511,Anticlinal con cabeceo,,12800.8699768778
1113,1868,0.058496118089,Sinclinal con cabeceo,,6552.68829759354
1114,1869,0.0626426873268,Anticlinal con doble cabeceo,,7013.24310406319
1115,1870,0.0738645258892,Sinclinal con doble cabeceo,Sinclinal de La Lucha,8309.61508306439
1116,1871,0.226568678495,Sinclinal,Sinclinal del Carmelo,25480.4092468279
1117,1872,0.0746444954577,Anticlinal,,8380.89285478837
1118,1873,0.0794241091657,Anticlinal,,8865.74429974817
1119,1875,0.0586589298794,Sinclinal con cabeceo,,6600.42244765848
1120,1878,0.157125798271,Anticlinal,Anticlinal de El Guineo,17633.2157108997
1121,1879,0.0488656804256,Anticlinal,,5501.76938480754
1122,1880,0.0558561153022,Anticlinal,,6219.61075960189
1123,1881,0.0796674452038,Sinclinal,,8954.36596762099
1124,1882,0.0328966638052,Anticlinal,,3683.04459506934
1125,1883,0.307954597383,Anticlinal,Anticlinal de Arroyo Hondo,34724.0165194013
1126,1884,0.113480796641,Sinclinal con cabeceo,Sinclinal de El Ceibal,12769.5631567979
1127,1886,0.147221145106,Sinclinal,Sinclinal de Arroyo Hondo,16589.4406213331
1128,1887,0.106106790882,Sinclinal,Sinclinal de Guásimo,11970.9581369482
1129,1888,0.17953398229,Sinclinal,Sinclinal de San Cayetano,20237.4215033843
1130,1889,0.152033232221,Anticlinal,Anticlinal del Guásimo,17145.1244934759
1131,1890,0.136557221281,Sinclinal,Sinclinal de San Cayetano,15413.4957532392
1132,1891,0.138491263664,Sinclinal,Sinclinal de Arjona,15572.9546803461
1133,1892,0.151016182855,Anticlinal,Anticlinal de Arjona,16984.0441512245
1134,1893,0.0732491955509,Sinclinal,Sinclinal de San Estanislao,8208.50794656108
1135,1894,0.160525061784,Anticlinal,Anticlinal de San Antero,18058.9464485237
1136,1895,0.0763440800048,Sinclinal volcado con cabeceo,,8598.95293013116
1137,1896,0.081940632426,Anticlinal volcado,,9212.95233456569
1138,1897,0.0299796476703,Anticlinal,,3381.89088593202
1139,1898,0.0691324110596,Anticlinal,,7753.63540473908
1140,1899,0.0257296517243,Anticlinal volcado,,2892.88289735838
1141,1901,0.222592740813,Sinclinal,Sinclinal de La Chaparrera,24844.2151013819
1142,1902,0.479855276179,Sinclinal,Sinclinal de Paya,53660.706893365
1143,1903,0.345840929756,Sinclinal,Sinclinal de San Francisco,38648.1467273385
1144,1904,0.153079178082,Sinclinal,Sinclinal de Sococho,17086.790489202
1145,1905,0.254307524049,Sinclinal,Sinclinal de La Culata,28463.1283126267
1146,1906,0.220714376847,Anticlinal,Anticlinal de La China,24724.6678527427
1147,1907,0.284182487635,Sinclinal,Sinclinal de Cubará,31864.6816619222
1148,1908,0.184740977618,Anticlinal,Anticlinal de Cubará,20712.1305593024
1149,1909,0.385788930284,Sinclinal,Sinclinal de San Cayetano,43117.1111397834
1150,1911,0.114012622341,Anticlinal,Anticlinal de Potrero Grande,12728.4275103049
1151,1912,0.100115760751,Anticlinal volcado,Anticlinal de Bogotá,11177.0949288982
1152,1913,0.104040904973,Anticlinal,,11612.1808260617
1153,1914,0.134489900145,Anticlinal,Anticlinal de Monfort,15000.8786636917
1154,1915,0.0882695770412,Sinclinal,Sinclinal de La Quebrada Escandalosa,9852.10371158557
1155,1916,0.123751696762,Anticlinal,Anticlinal de Agua Caliente,13872.7689407095
1156,1917,0.0293990290433,Sinclinal,,3277.54878705527
1157,1918,0.0441887200304,Sinclinal,,4942.7172676597
1158,1919,0.0382147903048,Sinclinal,,4272.7669944065
1159,1920,0.0678454997652,Sinclinal,,7603.66086125621
1160,1921,0.058368652995,Sinclinal,,6534.09211714087
1161,1922,0.0452365151091,Sinclinal,,5075.93128658147
1162,1923,0.0871240102244,Sinclinal con cabeceo,,9784.57433378188
1163,1924,0.395476800352,Sinclinal,Sinclinal del Desespero,44213.4806904936
